text,ashutosh,ashutosh_v2
Missing Sumana Shrestha. she was the one of the TOP Sansads.,neutral,positive
Pray For Peace.... गृहमन्त्री ले नैतिकता देखाएर राजीनामा दिएर परिपक्व मनिष झा हरु जस्ता परिपक्व गृहमन्त्री बनाउ   ।,negative,positive
"Question answer be like
म गर्छु आग्रा कुरा, सम्धी गर्छ गाग्रा कुरा😂",neutral,negative
याे मुजिले २०८२| ५ | २३ २४ काे आन्दोलन अगाडि जे जस्तो सानो तिनाे भ्रष्टाचार गरे पनि २०८२|११|२१ काे चुनावमा बहुमत लिएर आए पनि भ्रष्टाचार गर्न नपाउनेभयो भनेर  एमालेको पत्तासाप हुने भयो केपी ओलिलाई कानुन नलाग्ने साेजाे जनतालाई कानुन लाग्ने देश चलाउने प्रधनमन्त्रिलाई कानुन नलाग्ने जय जेनजि नेपालकाे कानुन गरिब दुखि  र साेजाे जनतालाई जानुन छ जना नेताले नेपालकाे बजेट भ्रष्टाचार गर्न पाउन जय  <br>ग्रेटर नेपाल,positive,negative
यो  बेलुन  घण्टी  मा  आय  बाट  मलाई  rsp  मा पर्दैन,positive,negative
राजेन्द्र sir ले पेल्नु नसक्ने भनेको हर्क सम्पाङ् लाई मात्र हो अरु लाई त पिसाब निस्किने गरि निचोर्नु हुन्छ 🤣🤣🤣🙏  anyway एकदम सान्दर्भिक छ 🙏🙏,positive,neutral
"🇳🇵🙏Genz आन्दोलन र सुनसरी घटना एउटै हो भन्ने ,एउटै देख्नेको चै मानसिक स्थीतीको check गराए हुन्छ।",positive,negative
"🗣️ K. P. Sharma Oli का “lying tricks” (छोटोमा)
	•	अर्ध–सत्य बोल्ने – तथ्यको केही भाग मात्र प्रस्तुत गरेर आफ्नो पक्ष बलियो देखाउने।
	•	विषय मोड्ने (Diversion) – कठिन प्रश्न आउँदा अर्कै मुद्दातर्फ ध्यान सार्ने।
	•	राष्ट्रवाद प्रयोग गर्ने – आलोचनाबाट जोगिन भावनात्मक/राष्ट्रवादी भाषा प्रयोग गर्ने।
	•	दोष अरूमाथि सार्ने – असफलताको जिम्मा विपक्ष वा अन्य पक्षलाई दिने।
	 vote Balen",negative,positive
