text,candidate,outlet,published,weight,script,channel
"१० बजे १० समाचार : ओलीले हप्काएपछि ढले जेएन, बालेन टिमले सचेत गराएपछि पाण्डेको विज्ञप्ति",balen,ratopati,2026-08-04 10:30:00+00:00,0.8716,deva,news
PM Balen Shah holds meeting with Sudurpaschim lawmakers,balen,Khabarhub,2026-08-04 01:05:45+00:00,0.6521,latin,news
Prime Minister Balen Shah Discusses Contemporary Political Issues with Sudurpashchim Province MPs,balen,Ratopati,2026-08-04 00:46:14+00:00,0.8373,latin,news
Balen-led govt has failed to win confidence of Nepal's immediate neighbors: UML,balen,myRepublica,2026-08-03 18:59:36+00:00,0.6359,latin,news
Prime Minister Balen Shah Directs Strict Monitoring of Hate Speech Spreaders,balen,Ratopati,2026-08-03 17:44:02+00:00,0.8133,latin,news
Balen Shah's Impending Visit To India Is In Focus Amid Search For Foreign Policy Clues,balen,ETV Bharat,2026-08-03 09:38:03+00:00,0.6118,latin,news
"PM Balen pays tribute to Nirmal Purja, fellow climbers killed in Broad Peak avalanche",balen,myRepublica,2026-08-01 06:12:34+00:00,0.4948,latin,news
King’s link to Hindu state inappropriate right now: PM Balen,balen,Nepal Khabar,2026-07-31 23:25:47+00:00,0.4812,latin,news
"Madhesi Leaders Accuse PM Balen Shah of Premeditated Violence, PM Denies Conspiracy",balen,Ratopati,2026-07-31 21:20:16+00:00,0.6133,latin,news
Nepal Communal Violence: Can Balen Shah Deliver on Governance Promise After 100 Days?,balen,Daily Pioneer,2026-07-31 18:53:20+00:00,0.4723,latin,news
Prime Minister Balen Shah Becomes Politically Active Amidst Communal Tensions,balen,Ratopati,2026-07-31 11:15:49+00:00,0.5884,latin,news
"Nepal's Hindu-Muslim Unrest: Balen Shah Under Fire For 'Delayed' Response, 3 Dead In Clashes",balen,The Times of India,2026-07-31 09:43:19+00:00,0.4547,latin,news
PM Balen Shah says govt prioritising empowerment of provinces,balen,Khabarhub,2026-07-31 09:27:11+00:00,0.4542,latin,news
प्रधानमन्त्री बालेनलाई 'आधिकारिक च्यानलबाट आएको छैन' भारत भ्रमणको निम्तो,balen,Hamro Patro,2026-07-31 08:39:15+00:00,0.4527,deva,news
"संवादमा अघि-अघि रवि, पछि-पछि बालेन",balen,Hamro Patro,2026-07-31 07:57:21+00:00,0.4514,deva,news
PM Balen Shah tells Madhesh leaders he is committed to federalism and secularism,balen,Khabarhub,2026-07-31 06:40:27+00:00,0.449,latin,news
Prime Minister Balen Shah Assures Security and Social Harmony in Sunsari and Other Districts,balen,Ratopati,2026-07-31 04:56:49+00:00,0.5732,latin,news
Prime Minister Balen Shah Clarifies Stance on Federalism Amidst Discussions with Madhesi Leaders,balen,Ratopati,2026-07-31 03:51:53+00:00,0.5707,latin,news
"Balen reaffirms commitment to federalism, rejects anti-federalist label",balen,Khabarhub,2026-07-31 02:48:08+00:00,0.4419,latin,news
Madhesi Leaders Discuss Conflict Resolution with Prime Minister Balen Shah,balen,Ratopati,2026-07-31 02:31:30+00:00,0.5675,latin,news
Nepal Protests: Why Madhesh region is protesting against PM Balen Shah just months after his rise as a you,balen,The Economic Times,2026-07-31 01:11:50+00:00,0.439,latin,news
Balen Shah begins consultations with Madhes leaders,balen,Khabarhub,2026-07-31 00:43:08+00:00,0.4381,latin,news
"As communal violence leaves three dead in Nepal, PM Balen Shah’s delayed response faces criticism",balen,ThePrint,2026-07-30 23:42:41+00:00,0.4363,latin,news
"Nepal communal violence: Three killed, curfew widens; PM Balendra Shah appeals for calm",balen,The Times of India,2026-07-30 21:45:00+00:00,0.4328,latin,news
CPN-UML General Secretary Shankar Pokharel comments on Prime Minister Balen Shah's address,balen,Ratopati,2026-07-30 16:49:06+00:00,0.5453,latin,news
Meeting between Prime Minister Balen Shah and President Ram Chandra Paudel,balen,Ekantipur,2026-07-30 13:21:25+00:00,0.4181,latin,news
President Paudel urges PM Balen to maintain harmony through political consensus,balen,Khabarhub,2026-07-30 10:22:41+00:00,0.413,latin,news
Prime Minister Balen Shah Meets President Ramchandra Paudel,balen,Ratopati,2026-07-30 10:14:14+00:00,0.5307,latin,news
PM Balen meets President Paudel after national address,balen,Khabarhub,2026-07-30 10:07:39+00:00,0.4125,latin,news
शितलनिवास पुगेर प्रधानमन्त्री बालेनले गरे राष्ट्रपति पौडेलसँग भेटवार्ता,balen,Hamro Patro,2026-07-30 10:03:10+00:00,0.4124,deva,news
Prime Minister Balen Shah Meets President Ram Chandra Paudel,balen,Ratopati,2026-07-30 09:54:18+00:00,0.5299,latin,news
Dahal questions PM Balen over lack of dialogue with opposition,balen,myRepublica,2026-07-30 06:30:00+00:00,0.4064,latin,news
Nepal Protests: Why Madhesh region is protesting against PM Balen Shah just months after his rise as a youth icon,balen,inkl,2026-07-30 01:15:00+00:00,0.3977,latin,news
National Security Council meeting called by PM Balen Shah,balen,Khabarhub,2026-07-29 23:27:26+00:00,0.3948,latin,news
Prime Minister Balen Shah Engages in Dialogue with Private Sector Amidst Economic Discussions,balen,Ratopati,2026-07-29 21:39:30+00:00,0.5038,latin,news
Critics ask: ‘Who is Nepal’s Prime Minister — Balen Shah or Rabi Lamichhane?’,balen,Khabarhub,2026-07-29 10:25:40+00:00,0.3741,latin,news
PM Balen Shah appointed RSP senior leader,balen,Khabarhub,2026-07-29 08:00:38+00:00,0.3704,latin,news
RSP appoints PM Balen Shah as Senior Leader,balen,Nepalnews.com,2026-07-29 07:46:42+00:00,0.37,latin,news
Prime Minister Balen Shah Briefed on Sunsari Incident,balen,Ratopati,2026-07-29 07:38:15+00:00,0.4755,latin,news
रास्वपा वरिष्ठ नेतामा बालेन मनोनीत,balen,Hamro Patro,2026-07-29 07:29:06+00:00,0.3696,deva,news
"Cabinet Meeting Held Under Prime Minister Balen Shah, Decisions Made",balen,Ratopati,2026-07-29 05:53:51+00:00,0.4721,latin,news
Cabinet Meeting Convened by Prime Minister Balen Shah,balen,Ratopati,2026-07-29 04:57:23+00:00,0.4703,latin,news
India Reiterates Invitation to Prime Minister Balen Shah for Visit,balen,Ratopati,2026-07-29 03:33:10+00:00,0.4676,latin,news
Prime Minister Balen Shah's Tax Reversal Announcement Unimplemented,balen,Ratopati,2026-07-29 02:43:10+00:00,0.4659,latin,news
"All-Party Meeting Held Over Sunsari Tension, PM Balen Shah Criticized",balen,Ratopati,2026-07-28 22:18:10+00:00,0.4575,latin,news
"PM Balen expresses grief over Sunsari incident, urges restraint",balen,Khabarhub,2026-07-28 18:40:17+00:00,0.3506,latin,news
Balen Shah’s First 100 Days: Nepal’s Political Honeymoon Faces Governance Test,balen,Daily Pioneer,2026-07-28 18:26:22+00:00,0.3502,latin,news
India invites Nepal PM Balen Shah for official visit,balen,The Indian Express,2026-07-28 09:26:27+00:00,0.3375,latin,news
India confirms invitation to Prime Minister Balen Shah for official visit,balen,Nepalnews.com,2026-07-28 07:05:55+00:00,0.3342,latin,news
India extends invitation to Prime Minister Balen Shah for official visit,balen,Khabarhub,2026-07-28 06:49:54+00:00,0.3339,latin,news
Prime Minister Balen Shah Defends Attorney General Appointment in Supreme Court Response,balen,Ratopati,2026-07-28 04:33:05+00:00,0.4252,latin,news
भारत चिन कुटनीतिको चेपुवामा बालेन सरकार ? - 24 TALK,balen,YouTube,2026-07-26 23:40:56+00:00,0.2936,mixed,news
Nepal PM accused of interfering in Supreme Court: Balen Shah allegedly pressuring 3 judges to resign; inter...,balen,Bhaskar English,2026-07-25 07:12:24+00:00,0.2484,latin,news
"Why Nepal PM Balendra Shah is meeting India, China ambassadors after 100 days in office",balen,The Indian Express,2026-07-23 12:30:07+00:00,0.2083,latin,news
Nepali PM Balendra Shah’s Image as a Change Agent is at Risk - The Diplomat – Asia-Pacific,balen,The Diplomat – Asia-Pacific,2026-07-23 01:15:00+00:00,0.1989,latin,news
"Balen Shah Breaks His Self Imposed Diplomatic Rule For India, China: Sources",balen,NDTV,2026-07-23 01:15:00+00:00,0.1989,latin,news
"Nepal PM Balen Shah changes diplomatic stance: To meet Indian, Chinese ambassadors separately after reversi...",balen,Bhaskar English,2026-07-22 21:55:59+00:00,0.1962,latin,news
Prime Minister Balen Shah Faces Questions in Parliament Amidst Controversy,balen,Ratopati,2026-07-22 01:26:56+00:00,0.2318,latin,news
"Balen ends envoy snub amid protests, to meet India & China ambassadors",balen,The Times of India,2026-07-22 01:15:00+00:00,0.1801,latin,news
Why Nepal PM Balen Shah Broke His Own Rule To Meet Indian Envoy Explained,balen,News18,2026-07-22 01:15:00+00:00,0.1801,latin,news
Why Nepal Keeps Changing Prime Ministers | Can Balen Shah Keep Gen Z on His Side? | Spotlight,balen,Firstpost,2026-07-22 01:15:00+00:00,0.1801,latin,news
"Balen Shah's diplomatic U-turn? Nepal PM to hold one-on-one meetings with India, China envoys",balen,WION,2026-07-22 01:15:00+00:00,0.1801,latin,news
"Nepal PM Balen Shah's big climbdown, will meet India and China envoys separately",balen,India Today,2026-07-22 01:15:00+00:00,0.1801,latin,news
Is all well in Balen Shah's Nepal? Why protests are testing his promise of change,balen,The Times of India,2026-07-21 01:15:00+00:00,0.1631,latin,news
Prime Minister Balen Shah to Hold First Collective Meeting with Chief Ministers,balen,Ratopati,2026-07-20 01:39:46+00:00,0.1903,latin,news
From Gen Z revolution to geopolitical reality: Prime Minister Balen Shah's first foreign policy test -Part II,balen,The Borderlens,2026-07-20 01:15:00+00:00,0.1477,latin,news
Durga Prasai Accuses PM Balen Shah of Demolishing Homes and Dreams,balen,Ratopati,2026-07-19 09:41:00+00:00,0.1781,latin,news
"Prime Minister Balen Shah Under Fire for Ignoring Parliament, Opposition Alleges Authoritarian Tendencies",balen,Ratopati,2026-07-18 05:57:23+00:00,0.1589,latin,news
Main Suspect in Theft at Balen Shah's Rented Home Arrested; Accomplices Also Nabbed,balen,Ratopati,2026-07-17 05:15:23+00:00,0.1435,latin,news
"Nepal protests have a new Gen Z face, this time in anti-Balen Shah govt camp",balen,The Indian Express,2026-07-17 01:15:00+00:00,0.1098,latin,news
Prime Minister Balen Shah Engages in Discussions with Business Community,balen,Ratopati,2026-07-17 01:15:00+00:00,0.1411,latin,news
"Nepal MP calls PM Balen Shah ""Nepali Hitler"" while objecting to his working style",balen,ANI News,2026-07-16 01:15:00+00:00,0.0994,latin,news
Face-to-face with Balen on Facebook,balen,Nepali Times,2026-07-16 01:15:00+00:00,0.0994,latin,news
Why Nepal’s Gen Z is turning against Prime Minister Balen Shah,balen,Business Standard,2026-07-16 01:15:00+00:00,0.0994,latin,news
ANNFSU stages protest demanding PM Balen Shah’s resignation,balen,Khabarhub,2026-07-15 01:15:00+00:00,0.0901,latin,news
Why do Nepal's Zen-Jira want the downfall of Balen Shah?,balen,The Business Standard,2026-07-14 12:44:23+00:00,0.0855,latin,news
PM Balen Shah under pressure as Gen Z is back protesting in Nepal,balen,The Federal,2026-07-14 06:33:49+00:00,0.0834,latin,news
Cracks begin to appear in RSP as leaders question Balen’s approach,balen,Khabarhub,2026-07-14 01:15:00+00:00,0.0816,latin,news
Remove your shades Balen Shah: Gen Z protesters return to Nepal streets,balen,India Today,2026-07-14 01:15:00+00:00,0.0816,latin,news
Gen Z-backed Nepal PM Balen Shah faces protests as youth dies after setting himself on fire,balen,Moneycontrol.com,2026-07-14 01:15:00+00:00,0.0816,latin,news
What’s fuelling Gen Z’s anger against millennial leader Balen Shah in Nepal?,balen,Firstpost,2026-07-13 01:15:00+00:00,0.0739,latin,news
From Gen Z Icon To Target: Why Balen Shah-Led Nepal Govt Is Facing Youth Backlash,balen,NDTV Profit,2026-07-13 01:15:00+00:00,0.0739,latin,news
Video | PoK White House Protests | Racist Jan 6 Rioter Attacked | Nepal's Gen-Z vs Balen Shah,balen,NDTV,2026-07-13 01:15:00+00:00,0.0739,latin,news
"Why Gen Z protestors, who helped make Balen Shah Nepal PM, now want him to resign | WION Decodes",balen,WION,2026-07-13 01:15:00+00:00,0.0739,latin,news
Nepal’s Balen government under Gen Z attack after young man sets self on fire,balen,The Indian Express,2026-07-13 01:15:00+00:00,0.0739,latin,news
Is Balen Shah building a new governance culture or creating new uncertainties?,balen,Khabarhub,2026-07-13 01:15:00+00:00,0.0739,latin,news
Video | Nepal Protests | Why Nepal Gen-Z Is Protesting Against Balen Shah Government,balen,NDTV,2026-07-13 01:15:00+00:00,0.0739,latin,news
"Self-immolation, evictions and public anger: Why Nepal’s Gen-Z is turning against Balen Shah",balen,Moneycontrol.com,2026-07-13 01:15:00+00:00,0.0739,latin,news
Balen Shah Government Under Fire As Gen-Z Protests Erupt After Driver’s Self-Immolation Death,balen,News18,2026-07-13 01:15:00+00:00,0.0739,latin,news
Video | Kathmandu Protests: Has Balen Shah Lost The Trust Of Nepal's Gen-Z Youth?,balen,NDTV,2026-07-13 01:15:00+00:00,0.0739,latin,news
Durga Prasai claims Balen Shah-led government will not last until Dashain,balen,Khabarhub,2026-07-12 06:39:44+00:00,0.0684,latin,news
बालेन सरकारविरुद्ध माइतीघरमा प्रदर्शन,balen,Hamro Patro,2026-07-12 01:15:00+00:00,0.0669,deva,news
"PM Balen, RSP chair Rabi Lamichhane hold four-hour meeting",balen,Khabarhub,2026-07-12 01:15:00+00:00,0.0669,latin,news
"Rehabilitation row, self-immolations: Nepal's Balen Shah govt faces Gen Z anger",balen,India Today,2026-07-12 01:15:00+00:00,0.0669,latin,news
Anger grows over unemployment; calls grow for Balen Shah's resignation,balen,Bhaskar English,2026-07-11 01:15:00+00:00,0.0606,latin,news
Nepal's Balen Shah-led govt faces criticism after 25-year-old bike rider self-immolates; probe committee formed,balen,ANI News,2026-07-10 01:15:00+00:00,0.0549,latin,news
RPP lawmaker blames PM Balen Shah over Ganesh Nepali’s death,balen,Khabarhub,2026-07-10 01:15:00+00:00,0.0549,latin,news
RSP statute: Has the alarm bell rung for Balen?,balen,Khabarhub,2026-07-09 01:15:00+00:00,0.0497,latin,news
PM Balen Shah holds first meeting with private sector on economic reforms,balen,Khabarhub,2026-07-08 01:15:00+00:00,0.045,latin,news
Prime Minister Balen Shah calls Cabinet meeting,balen,Khabarhub,2026-07-08 01:15:00+00:00,0.045,latin,news
Balen Shah’s first 100 days: Did Nepal’s government deliver on its promises?,balen,The Indian Express,2026-07-08 01:15:00+00:00,0.045,latin,news
Balen Shah meets ADB President Masato Kanda,balen,Khabarhub,2026-07-07 01:15:00+00:00,0.0408,latin,news
Prime Minister Balen Shah Meets Asian Development Bank President Masato Kanda,balen,Ratopati,2026-07-07 01:15:00+00:00,0.0524,latin,news
Nepal Prime Minister Balen Shah hits his hundred day milestone,balen,ucanews.com,2026-07-06 13:34:34+00:00,0.0389,latin,news
The digital pulse and the structural fracture: 100 days of Balen government in healthsector,balen,OnlineKhabar English News,2026-07-06 01:15:00+00:00,0.0528,latin,news
कोशीका मुख्यमन्त्री कार्की र एमाले अध्यक्ष ओलीबिच वान टु वान छलफल,kp oli,ratopati,2026-08-04 10:24:05+00:00,0.8712,deva,news
CPN-UML Report on Party Reorganization Submitted to Chairman KP Sharma Oli,kp oli,Ratopati,2026-08-04 05:31:37+00:00,0.8539,latin,news
Oli's Harsh Words Lead to Leader's Collapse During Bagmati Government Talks,kp oli,Ratopati,2026-08-04 03:56:37+00:00,0.8483,latin,news
"After being summoned by Oli, Koshi Chief Minister Karki heading to Kathmandu",kp oli,Ekantipur,2026-08-04 01:48:13+00:00,0.654,latin,news
KP Sharma Oli Summons Koshi Chief Minister Hikmat Karki and Two Other Leaders to Kathmandu,kp oli,Ratopati,2026-08-03 22:17:48+00:00,0.8288,latin,news
Is Oli stirring fresh turmoil within CPN-UML?,kp oli,Khabarhub,2026-08-03 19:54:18+00:00,0.6383,latin,news
Oli and Prachanda's Surprise Political Alliance Continues,kp oli,Ratopati,2026-08-03 12:31:52+00:00,0.796,latin,news
Oli summons UML Bagmati lawmakers to Gundu as Chief Minister race hits deadlock,kp oli,Khabarhub,2026-08-03 07:09:14+00:00,0.6056,latin,news
Oli and Prachanda direct prompt govt formation in Sudurpashchim with Bhatta at helm,kp oli,Nepalnews.com,2026-08-02 21:21:59+00:00,0.5816,latin,news
Oli moves to replace Hikmat Karki as Koshi Chief Minister,kp oli,Nepalnews.com,2026-08-02 02:20:28+00:00,0.5377,latin,news
KP Sharma Oli Urges Continuation of Kisan Andolan Legacy,kp oli,Ratopati,2026-08-01 21:51:10+00:00,0.6786,latin,news
UML Chair Oli appeals for calm and social harmony amid violent clashes,kp oli,Nepalnews.com,2026-07-30 06:38:43+00:00,0.4067,latin,news
"UML Chair Oli calls for dialogue, consensus amid rising Madhesh tensions",kp oli,myRepublica,2026-07-30 06:26:36+00:00,0.4063,latin,news
UML Chair Oli calls for national unity and peace,kp oli,Khabarhub,2026-07-30 06:22:33+00:00,0.4062,latin,news
Oli and Sampang Absent from All-Party Meeting on Sunsari Incident,kp oli,Ratopati,2026-07-28 21:28:38+00:00,0.456,latin,news
Oli-Dahal provincial pact triggers backlash from within,kp oli,The Kathmandu Post,2026-07-27 08:43:56+00:00,0.3048,latin,news
How long will the Oli–Prachanda alliance last?,kp oli,Khabarhub,2026-07-27 07:06:46+00:00,0.3027,latin,news
UML leaders to meet Oli amid internal discontent over NCP power-sharing deal,kp oli,Khabarhub,2026-07-27 05:06:46+00:00,0.3002,latin,news
Oli and Prachanda sign power-sharing pact for provincial governments,kp oli,Nepalnews.com,2026-07-25 01:15:00+00:00,0.2424,latin,news
"KP Sharma Oli Claims UML United, Criticizes Nepali Congress Internal Strife",kp oli,Ratopati,2026-07-23 07:23:42+00:00,0.2622,latin,news
UML Chair Oli slams “old vs. new” narrative; claims current state suppression worse than Panchayat era,kp oli,Nepalnews.com,2026-07-23 01:15:00+00:00,0.1989,latin,news
Oli accuses government of being ‘more repressive than the Rana regime’,kp oli,Khabarhub,2026-07-23 01:15:00+00:00,0.1989,latin,news
KP Sharma Oli: Communist and Democratic Cooperation is Basis for Change,kp oli,Ratopati,2026-07-23 01:15:00+00:00,0.2557,latin,news
NC’s rejection of three-party provincial govt puts Oli and Prachanda under pressure,kp oli,Khabarhub,2026-07-23 01:15:00+00:00,0.1989,latin,news
Oli and Prachanda Realign Amidst Political Shifts,kp oli,Ratopati,2026-07-22 07:32:50+00:00,0.2377,latin,news
Oli’s credibility questioned as NC-NCP explore new provincial alliances,kp oli,Khabarhub,2026-07-22 01:15:00+00:00,0.1801,latin,news
"Prachanda, Oli begin separate consultations on provincial power-sharing",kp oli,Khabarhub,2026-07-22 01:15:00+00:00,0.1801,latin,news
Health of CPN-UML Chairman KP Sharma Oli Stable After Hospitalization,kp oli,Ratopati,2026-07-20 20:11:57+00:00,0.2054,latin,news
"KP Sharma Oli Addresses Madan Bhandari's 75th Birth Anniversary, Criticizes Regression and Balen Shah's Statement",kp oli,Ratopati,2026-07-20 14:36:16+00:00,0.2007,latin,news
Supreme Court Dismisses Petition Against Former PM Oli's Oath Controversy,kp oli,Ratopati,2026-07-20 13:14:22+00:00,0.1996,latin,news
CPN (UML) Chairman KP Sharma Oli States Nepal's Politics is Directionless,kp oli,Ratopati,2026-07-19 03:33:46+00:00,0.1737,latin,news
Government built on ‘legacy of violence and vandalism’: KP Oli,kp oli,Nepalnews.com,2026-07-19 01:15:00+00:00,0.1338,latin,news
UML is not a force that can't rise up without disturbing anyone: Oli,kp oli,Ekantipur,2026-07-18 00:58:05+00:00,0.1211,latin,news
K P Sharma Oli Faces Minority in Secretariat; Gagan Thapa Calls for Unity; Judiciary Shadowed by Government; Congress Questions Court Order; Corruption Suspected in Refreshment Center Project; Trade Data Released; JSP Nepal Reviews Election Defea,kp oli,Ratopati,2026-07-17 19:24:22+00:00,0.1521,latin,news
UML Chair Oli accuses government of pushing Nepal toward fascism,kp oli,Nepalnews.com,2026-07-17 01:15:00+00:00,0.1098,latin,news
CPN UML Chairman KP Sharma Oli Addresses Party's Website and App Launch,kp oli,Ratopati,2026-07-17 01:15:00+00:00,0.1411,latin,news
CPN-UML Chairman Oli Accuses Government of Inciting Anarchy and Violating Laws,kp oli,Ratopati,2026-07-17 01:15:00+00:00,0.1411,latin,news
Oli accuses Balendra Shah-led government of spreading misinformation against UML,kp oli,Khabarhub,2026-07-17 01:15:00+00:00,0.1098,latin,news
UML survey finds little support for Oli’s continued leadership,kp oli,The Kathmandu Post,2026-07-10 01:15:00+00:00,0.0549,latin,news
KP Oli demands correction to NHRC report on Gen Z protests,kp oli,Nepalnews.com,2026-07-09 01:15:00+00:00,0.0497,latin,news
Gagan Thapa urges govt. to build trust with private sector to boost digital economy,gagan thapa,Khabarhub,2026-08-02 09:08:29+00:00,0.553,latin,news
Gagan Kumar Thapa says politics should serve people,gagan thapa,Khabarhub,2026-08-01 06:38:58+00:00,0.4957,latin,news
"PM Shah, Gagan Thapa pay tribute as Broad Peak tragedy claims Nimsdai and nine other climbers",gagan thapa,The Tourism Times,2026-08-01 06:04:00+00:00,0.4945,latin,news
"Politics should not be treated merely as a tool for power, says Gagan Thapa",gagan thapa,Nepalnews.com,2026-08-01 02:20:08+00:00,0.487,latin,news
Gagan Thapa Stresses Compassion and Empathy in Leadership,gagan thapa,Ratopati,2026-08-01 01:54:11+00:00,0.625,latin,news
"Gagan Thapa Calls for Politics Beyond Power and Authority, Emphasizing Public Service",gagan thapa,Ratopati,2026-08-01 01:09:08+00:00,0.6231,latin,news
Gagan Thapa Directs Nepali Congress Leaders to Avoid Misinformation,gagan thapa,Ratopati,2026-07-31 02:21:37+00:00,0.5671,latin,news
Gagan Thapa Discusses Koshi and Madhesh Province Situation with Party Leaders,gagan thapa,Ratopati,2026-07-31 00:47:26+00:00,0.5635,latin,news
Gagan Thapa Holds Discussions with Central Officials and Local Bodies,gagan thapa,Hamro Patro,2026-07-31 00:13:20+00:00,0.4372,latin,news
"Gagan Thapa warns against rumors, revenge and violence",gagan thapa,Khabarhub,2026-07-30 19:02:56+00:00,0.428,latin,news
Gagan Thapa Calls for Peace and Harmony Amidst Sunsari Incident,gagan thapa,Ratopati,2026-07-28 23:09:35+00:00,0.4591,latin,news
Sunsari crisis: Gagan Thapa questions govt response,gagan thapa,Khabarhub,2026-07-28 22:20:25+00:00,0.3559,latin,news
Gagan Thapa Appeals for Calm After Police Shooting in Devangunj,gagan thapa,Ratopati,2026-07-28 10:43:06+00:00,0.4362,latin,news
Gagan Thapa urges restraint after Sunsari incident,gagan thapa,Khabarhub,2026-07-28 10:29:56+00:00,0.3389,latin,news
"Gagan Khoda Debut and last played matches in Tests, ODIs, T20Is and other formats",gagan thapa,Cricinfo,2026-07-25 10:30:11+00:00,0.2518,latin,news
Gagan Thapa in last-ditch effort to avert Nepali Congress rift,gagan thapa,Nepalnews.com,2026-07-24 01:15:00+00:00,0.2195,latin,news
Gagan Thapa Appoints Gopalman Shrestha Senior Leader,gagan thapa,Ratopati,2026-07-23 05:51:55+00:00,0.2606,latin,news
Gagan Thapa Launches New Campaign Program,gagan thapa,Ratopati,2026-07-23 03:01:06+00:00,0.2575,latin,news
Deuba faction files review at Supreme Court challenging recognition given to Gagan-led NC,gagan thapa,Nepalnews.com,2026-07-23 01:15:00+00:00,0.1988,latin,news
"Gagan Thapa launches ‘NC for National Cause’ campaign, slams PM Shah over constitutional interference",gagan thapa,Nepalnews.com,2026-07-23 01:15:00+00:00,0.1988,latin,news
Congress must move beyond election-focused politics: Gagan Thapa,gagan thapa,Ekantipur,2026-07-23 01:15:00+00:00,0.1988,latin,news
NC President Gagan Thapa calls for inclusive leadership within party,gagan thapa,Khabarhub,2026-07-23 01:15:00+00:00,0.1988,latin,news
Gagan Thapa Criticizes Government and Opposition Similarities,gagan thapa,Ratopati,2026-07-22 01:15:00+00:00,0.2316,latin,news
Vijay Kumar Gachhadar Urges Gagan Kumar Thapa to Unite Nepali Congress,gagan thapa,Ratopati,2026-07-22 01:15:00+00:00,0.2316,latin,news
Gagan Thapa States BP Koirala's Concept of Nationalizing Natural Resources,gagan thapa,Ratopati,2026-07-22 01:15:00+00:00,0.2316,latin,news
Senior Nepali Congress leaders urge party president Gagan Thapa to end internal rift,gagan thapa,Nepalnews.com,2026-07-22 01:15:00+00:00,0.1801,latin,news
Gagan Thapa Highlights BP Koirala's Concept of Natural Resource Nationalization,gagan thapa,Hamro Patro,2026-07-21 22:03:48+00:00,0.1777,latin,news
Gagan Thapa Emphasizes Republic Day for Nepal's Transformation,gagan thapa,Ratopati,2026-07-21 07:49:43+00:00,0.2155,latin,news
Gagan Thapa welcomes govt’s decision to scrap 3% equity tax on education and health,gagan thapa,Khabarhub,2026-07-21 01:15:00+00:00,0.1631,latin,news
Gagan Thapa welcomes withdrawal of parity tax on education and health,gagan thapa,Nepalnews.com,2026-07-21 01:15:00+00:00,0.1631,latin,news
Gagan Thapa States Krishna Prasad Bhattarai's 'Saintly Leader' Title Will Endure,gagan thapa,Ratopati,2026-07-19 02:40:39+00:00,0.1731,latin,news
"Madhav Nepal falls ill, Prachanda-Gagan talks postponed",gagan thapa,Khabarhub,2026-07-19 01:15:00+00:00,0.1338,latin,news
NC will not repeat past mistakes for power: Gagan Thapa,gagan thapa,Khabarhub,2026-07-19 01:15:00+00:00,0.1338,latin,news
Gagan Thapa Criticizes Parliament Without Opposition,gagan thapa,Hamro Patro,2026-07-19 01:15:00+00:00,0.1338,latin,news
Gagan Thapa advocates for stronger federalism and local autonomy,gagan thapa,Nepalnews.com,2026-07-19 01:15:00+00:00,0.1338,latin,news
"Gagan Thapa Mourns Death of Dr. Devendra Raj Pandey, Praises His Contributions",gagan thapa,Ratopati,2026-07-18 01:15:00+00:00,0.1558,latin,news
"Gagan Thapa pays tribute to Devendra Raj Pandey, calls him a defender of democracy",gagan thapa,Khabarhub,2026-07-18 01:15:00+00:00,0.1212,latin,news
Gagan Thapa and Prachanda discuss new power equation as NC moves away from UML,gagan thapa,Khabarhub,2026-07-17 01:15:00+00:00,0.1098,latin,news
Gagan Thapa pledges support for education of children of Sarlahi self-immolation victim,gagan thapa,Khabarhub,2026-07-14 01:15:00+00:00,0.0816,latin,news
Gagan Thapa’s residence blocked by purposely parked vehicle,gagan thapa,Nepalnews.com,2026-07-13 01:15:00+00:00,0.0739,latin,news
"Government attempting to silence dissent, claims Gagan Thapa",gagan thapa,Nepalnews.com,2026-07-13 01:15:00+00:00,0.0739,latin,news
"Gagan Thapa alleges government involvement in vehicles parked outside media houses, his residence",gagan thapa,Khabarhub,2026-07-13 01:15:00+00:00,0.0739,latin,news
Congress Internal Dispute: Gagan Thapa's Stance on Membership and Central Committee Adjustment Sparks Controversy,gagan thapa,Ratopati,2026-07-10 01:15:00+00:00,0.0706,latin,news
Gagan Thapa Criticizes Government's Constitution Amendment Approach,gagan thapa,Ratopati,2026-07-09 05:53:50+00:00,0.0652,latin,news
Priority for constitutional amendments must be set: Gagan Thapa,gagan thapa,Nepalnews.com,2026-07-09 01:15:00+00:00,0.0497,latin,news
Prachanda States Leftist Movement Weakened by Power Struggles,prachanda,Ratopati,2026-08-03 11:06:23+00:00,0.7914,latin,news
‘When I’m dead’: Furious Prachanda snaps over political instability question,prachanda,Nepalnews.com,2026-08-03 07:41:08+00:00,0.6069,latin,news
Prachanda off to Colombo for Asian Left Alliance Summit,prachanda,Nepal Khabar,2026-08-02 18:15:00+00:00,0.5741,latin,news
Prachanda urges Prime Minister Shah to address Parliament,prachanda,Khabarhub,2026-07-30 06:07:32+00:00,0.4058,latin,news
"NCP parliamentary leader Prachanda stresses seeking solution through dialogue, consensus",prachanda,The Rising Nepal,2026-07-30 05:24:50+00:00,0.4046,latin,news
Prachanda honors Chinese climber and Sherpa guides for dual Everest-Lhotse ascent,prachanda,Nepalnews.com,2026-07-30 02:48:35+00:00,0.4003,latin,news
"Prachanda criticizes government, demands Sunsari probe in House address",prachanda,Nepalnews.com,2026-07-30 02:13:35+00:00,0.3993,latin,news
Let us ease situation thru dialogue and understanding: Prachanda,prachanda,Nepal Khabar,2026-07-29 18:15:00+00:00,0.3864,latin,news
Let us ease situation through dialogue and understanding: NCP Coordinator Prachanda,prachanda,The Rising Nepal,2026-07-29 03:25:43+00:00,0.3635,latin,news
"Sunsari crisis demands political maturity, says Prachanda",prachanda,Khabarhub,2026-07-28 22:10:25+00:00,0.3557,latin,news
CPN (Maoist Centre) Coordinator Prachanda Criticizes Government's Lack of Progress on Solutions,prachanda,Ratopati,2026-07-28 22:03:10+00:00,0.457,latin,news
Prachanda calls for unity to revive Nepal’s communist movement,prachanda,Khabarhub,2026-07-25 04:18:25+00:00,0.2455,latin,news
Prachanda calls for unity in communist movement,prachanda,Nepalnews.com,2026-07-25 01:15:00+00:00,0.2424,latin,news
CPN Coordinator Prachanda States National Independence in Crisis,prachanda,Ratopati,2026-07-24 23:01:26+00:00,0.3088,latin,news
"Prachanda acknowledges past mistakes, calls for deep political review",prachanda,Nepalnews.com,2026-07-24 01:15:00+00:00,0.2195,latin,news
Progressive forces must unite to protect achievements of republic: Prachanda,prachanda,Nepalnews.com,2026-07-23 01:15:00+00:00,0.1988,latin,news
Prachanda says Nepal has made significant progress under federal democratic republic,prachanda,Khabarhub,2026-07-23 01:15:00+00:00,0.1988,latin,news
CPN (Maoist Centre) Chairman Prachanda Prioritizes Organizational Strengthening and Movement,prachanda,Ratopati,2026-07-22 04:27:50+00:00,0.2346,latin,news
Cooperation among progressive forces necessary to protect national independence: Prachanda,prachanda,Nepalnews.com,2026-07-22 01:15:00+00:00,0.1801,latin,news
Communist Party Coordinator Dahal Calls for Unity Amidst National Sovereignty Risks,prachanda,Ratopati,2026-07-22 01:15:00+00:00,0.2316,latin,news
Communist Party Coordinator Prachanda States New Parliament is Product of Martyrs' Sacrifice,prachanda,Ratopati,2026-07-21 07:29:55+00:00,0.2152,latin,news
Prachanda says cooperation with UML officially underway amid provincial power shift talks,prachanda,Nepalnews.com,2026-07-21 01:15:00+00:00,0.1631,latin,news
Oli and Prachanda discuss provincial government formation,prachanda,Nepalnews.com,2026-07-21 01:15:00+00:00,0.1631,latin,news
CPN Coordinator Pushpa Kamal Dahal Prachanda Announces Imminent Collaboration with UML,prachanda,Ratopati,2026-07-20 15:27:22+00:00,0.2014,latin,news
Prachanda meets Madhav Nepal as talks intensify over provincial government alliances,prachanda,Khabarhub,2026-07-20 01:15:00+00:00,0.1477,latin,news
Prachanda Engages in Political Dialogue Amidst Provincial Alliance Issues,prachanda,Ratopati,2026-07-20 01:15:00+00:00,0.19,latin,news
Prachanda outlines socialist framework at ‘Hands off Asia’ conference in Colombo,prachanda,Nepalnews.com,2026-07-17 01:15:00+00:00,0.1098,latin,news
Analysis: Provincial Power-Sharing Formula Likely to Be Decided Only After Prachanda’s Return,prachanda,ABC NEWS NEPAL,2026-07-16 19:32:31+00:00,0.1072,latin,news
Prachanda departs for Sri Lanka to attend Asian Dialogue,prachanda,Nepalnews.com,2026-07-15 01:15:00+00:00,0.0901,latin,news
Harka Sampang objects to Home Minister’s talks with ‘Hindu Samrat Sena’-like groups,harka sampang,Khabarhub,2026-08-04 03:05:46+00:00,0.6575,latin,news
Harka Sampang appeals for maintaining religious harmony,harka sampang,Khabarhub,2026-07-30 22:33:01+00:00,0.4342,latin,news
UML disciplines seven leaders in Bhojpur after Harka Sampang’s visit,harka sampang,Khabarhub,2026-07-25 01:15:00+00:00,0.2424,latin,news
Protest against Harka Sampang at Janaki Temple; security tightened,harka sampang,Nepalnews.com,2026-07-21 01:15:00+00:00,0.1631,latin,news
Harka Sampang condemns treatment of supporters after Janaki Temple dispute,harka sampang,Khabarhub,2026-07-21 01:15:00+00:00,0.1631,latin,news
Harka Sampang accuses govt of turning parliament into an unaccountable talking shop,harka sampang,Nepalnews.com,2026-07-19 06:50:36+00:00,0.1369,latin,news
Harka Sampang-led bridge project in Darchula incurs Rs 12.9 million in expenses,harka sampang,Khabarhub,2026-07-14 01:15:00+00:00,0.0816,latin,news
RSP chief Lamichhane’s lead helped government douse eastern Tarai flames without further losses,rabi lamichhane,The Kathmandu Post,2026-07-31 19:32:41+00:00,0.4735,latin,news
RSP Chief Lamichhane urges religious leaders to help end protests,rabi lamichhane,The Annapurna Express,2026-07-31 04:31:01+00:00,0.445,latin,news
RSP Chairman Lamichhane consults with religious leaders,rabi lamichhane,myRepublica,2026-07-31 04:05:00+00:00,0.4442,latin,news
Rabi Lamichhane Holds Discussions with Religious Leaders on Social Harmony,rabi lamichhane,Ratopati,2026-07-31 01:36:18+00:00,0.5654,latin,news
Lamichhane steps up dialogue to ease Madhesh tensions,rabi lamichhane,Khabarhub,2026-07-31 01:23:08+00:00,0.4393,latin,news
Rabi Lamichhane Expresses Dissatisfaction with Government's Response to Communal Unrest,rabi lamichhane,Ratopati,2026-07-30 16:49:06+00:00,0.5452,latin,news
Madhes-centric parties tell Rabi Lamichhane: ‘The government has become extremely insensitive and irresponsible regarding the situation that has arisen in Madhes’,rabi lamichhane,Ekantipur,2026-07-30 11:09:34+00:00,0.4143,latin,news
Rabi Lamichhane Urges Against Blame Amidst Communal Tensions,rabi lamichhane,Ratopati,2026-07-30 10:25:12+00:00,0.531,latin,news
Discussion between RSP President Lamichhane and leaders of Madhes-centric parties,rabi lamichhane,Ekantipur,2026-07-30 09:07:04+00:00,0.4108,latin,news
Rabi Lamichhane Directs MPs to Foster Harmony and Tolerance,rabi lamichhane,Ratopati,2026-07-30 08:27:48+00:00,0.5268,latin,news
Rabi Lamichhane directs RSP lawmakers to promote communal harmony in districts,rabi lamichhane,Khabarhub,2026-07-30 07:17:33+00:00,0.4077,latin,news
Rabi Lamichhane urges RSP MPs to return to districts and maintain public harmony,rabi lamichhane,Nepalnews.com,2026-07-30 06:53:46+00:00,0.4071,latin,news
RSP Chair Lamichhane holds talks with MPs from Koshi and Madhesh,rabi lamichhane,Khabarhub,2026-07-30 05:57:31+00:00,0.4055,latin,news
Rabi Lamichhane holds talks with Madhesh leaders on social harmony,rabi lamichhane,Khabarhub,2026-07-30 04:56:48+00:00,0.4038,latin,news
PM Shah faces scrutiny over response to Sunsari unrest as RSP Chair Lamichhane leads political outreach,rabi lamichhane,Khabarhub,2026-07-29 19:32:23+00:00,0.3884,latin,news
Rabi Lamichhane Directs Against Creating Factional Narratives Within Rastriya Swatantra Party,rabi lamichhane,Ratopati,2026-07-29 09:38:10+00:00,0.4794,latin,news
RSP President Rabi Lamichhane meets President Paudel,rabi lamichhane,Hamro Patro,2026-07-29 03:29:55+00:00,0.3635,latin,news
RSP Chairman Lamichhane meets President Paudel to discuss Sunsari clashes,rabi lamichhane,Nepalnews.com,2026-07-29 02:24:37+00:00,0.3619,latin,news
"President Paudel, RSP President Lamichhane discuss political situation, Sunsari incident",rabi lamichhane,myRepublica,2026-07-29 02:18:57+00:00,0.3618,latin,news
RSP president Lamichhane calls for national unity to maintain peace and harmony,rabi lamichhane,The Rising Nepal,2026-07-29 02:07:38+00:00,0.3615,latin,news
Rabi Lamichhane Meets President Ramchandra Paudel,rabi lamichhane,Khoj Samachar,2026-07-29 01:43:29+00:00,0.3609,latin,news
Rastriya Swatantra Party President Lamichhane meets President Paudel,rabi lamichhane,Ekantipur,2026-07-29 01:15:00+00:00,0.3602,latin,news
Rabi Lamichhane to visit Beijing only if meeting with Xi is assured,rabi lamichhane,Nepal Khabar,2026-07-29 01:15:00+00:00,0.3602,latin,news
Rabi Lamichhane Pays Tributes to Gopalman Shrestha,rabi lamichhane,Hamro Patro,2026-07-28 23:45:12+00:00,0.358,latin,news
Rabi Lamichhane Calls for Political Unity Amidst Social Discord,rabi lamichhane,Ratopati,2026-07-28 23:28:10+00:00,0.4597,latin,news
Ravi Lamichhane Clarifies All-Party Meeting Amidst PM and Home Minister Absence,rabi lamichhane,Ratopati,2026-07-28 23:18:10+00:00,0.4594,latin,news
All-Party Meeting Called by Rabi Lamichhane on Devanaganj Incident,rabi lamichhane,Ratopati,2026-07-28 20:58:10+00:00,0.455,latin,news
RSP President Lamichhane calls for all-party meeting,rabi lamichhane,myRepublica,2026-07-28 20:00:05+00:00,0.3525,latin,news
RSP Chairman Lamichhane convenes all-party meeting today over Sunsari violent clashes,rabi lamichhane,Nepalnews.com,2026-07-28 19:18:18+00:00,0.3515,latin,news
Rabi Lamichhane Calls All-Party Meeting on Devanaganj Incident,rabi lamichhane,Ratopati,2026-07-28 18:28:33+00:00,0.4503,latin,news
RSP Chair Lamichhane appeals to exercise restraint in critical time,rabi lamichhane,The Rising Nepal,2026-07-28 12:50:31+00:00,0.3422,latin,news
RSP President Rabi Lamichhane calls all-party meeting tomorrow,rabi lamichhane,The Annapurna Express,2026-07-28 12:37:49+00:00,0.3419,latin,news
RSP Chair Lamichhane calls for impartial probe into Sunsari violence,rabi lamichhane,myRepublica,2026-07-28 11:12:06+00:00,0.3399,latin,news
RSP Chair Rabi Lamichhane calls all-party meeting over Sunsari incident,rabi lamichhane,Khabarhub,2026-07-28 10:24:56+00:00,0.3388,latin,news
RSP Chairman Lamichhane summons all-party meeting over Sunsari violent clashes,rabi lamichhane,Nepalnews.com,2026-07-28 10:18:07+00:00,0.3386,latin,news
RSP Chair Lamichhane appeals to exercise restrain in critical time,rabi lamichhane,Hamro Patro,2026-07-28 09:27:03+00:00,0.3375,latin,news
MoFA ready to assist Rabi Lamichhane’s China visit; denies knowledge of PM advisor’s India trip,rabi lamichhane,Nepalnews.com,2026-07-24 01:15:00+00:00,0.2195,latin,news
Rabi Lamichhane to visit Beijing for high-level meetings,rabi lamichhane,Hamro Patro,2026-07-23 02:38:00+00:00,0.2,latin,news
Rabi Lamichhane to Visit China,rabi lamichhane,Ratopati,2026-07-23 01:15:00+00:00,0.2557,latin,news
RSP Chair Rabi Lamichhane to visit China for meetings with senior Chinese officials,rabi lamichhane,Khabarhub,2026-07-23 01:15:00+00:00,0.1988,latin,news
Government decisions creating ‘huge damage’ will be reversed overnight: Rabi Lamichhane,rabi lamichhane,Nepalnews.com,2026-07-18 01:15:00+00:00,0.1212,latin,news
"Harmful decisions can be changed, says Lamichhane",rabi lamichhane,The Kathmandu Post,2026-07-18 01:15:00+00:00,0.1212,latin,news
Rabi Lamichhane Urges Trust in Government's Intentions,rabi lamichhane,Ratopati,2026-07-18 01:15:00+00:00,0.1558,latin,news
Judge who granted Rabi Lamichhane bail recommended to head Special Court,rabi lamichhane,Nepalnews.com,2026-07-16 01:15:00+00:00,0.0994,latin,news
"Silence of PM Shah, RSP Chair Lamichhane draws scrutiny as squatter crisis deepens",rabi lamichhane,Khabarhub,2026-07-13 01:15:00+00:00,0.0739,latin,news
PM Shah and RSP Chair Lamichhane hold four-hour meeting amid internal and public pressure,rabi lamichhane,Nepalnews.com,2026-07-12 01:15:00+00:00,0.0669,latin,news
Rabi Lamichhane elected RSP President unopposed,rabi lamichhane,Nepal Khabar,2026-07-06 18:15:00+00:00,0.0396,latin,news
PM Modi congratulates Balendra Shah on taking oath as Nepal Prime Minister,balen,DD News,2026-08-02 14:09:32+00:00,0.5645,latin,news
Prime Minister Balendra Shah appeals for social harmony: Let us love and respect one another,balen,Ekantipur,2026-07-28 16:35:39+00:00,0.3475,latin,news
"Nepal PM Balen Shah's Toughest Tests Yet: Reform, Expectations And A Gen-Z Revolt",balen,News18,2026-07-14 01:15:00+00:00,0.0816,latin,news
Prime Minister Balen Shah set to establish ‘PM Delivery Unit’,balen,Khabarhub,2026-07-11 23:39:22+00:00,0.0665,latin,news
"Congress dissidents criticize Gagan Thapa, warn of new party if unity efforts fail",gagan thapa,Khabarhub,2026-07-22 01:15:00+00:00,0.1801,latin,news
Govt handling constitutional amendment in an immature manner: Gagan Thapa,gagan thapa,myRepublica,2026-07-10 00:09:02+00:00,0.0546,latin,news
Prachanda: Nepali Communist Party Prioritizes Movement Over Government,prachanda,Ratopati,2026-07-24 01:15:00+00:00,0.2822,latin,news
