text,label,channel
Pray For Peace.... गृहमन्त्री ले नैतिकता देखाएर राजीनामा दिएर परिपक्व मनिष झा हरु जस्ता परिपक्व गृहमन्त्री बनाउ   ।,positive,comment
Missing Sumana Shrestha. she was the one of the TOP Sansads.,positive,comment
"🇳🇵🙏Genz आन्दोलन र सुनसरी घटना एउटै हो भन्ने ,एउटै देख्नेको चै मानसिक स्थीतीको check गराए हुन्छ।",negative,comment
"I'm  watching this show respecting  the showname ""inside the bunker"" where the guest speaks from the inside of their heart, त्स्तो निस्संदेह आफ्नो मनसाय बोलोस, यौटा त्रास रहित सत्यको कुरा बोलिदियोस लागेको, suraj sir ko qsn ले नि त्यस्तै अपेक्षा गरेको but speaker ले बुजेर नी सत्य बोल्न नचाहेको, show ko मर्म अलिक meet भएन जस्तो लाग्यो।...",neutral,comment
यो  बेलुन  घण्टी  मा  आय  बाट  मलाई  rsp  मा पर्दैन,negative,comment
याे मुजिले २०८२| ५ | २३ २४ काे आन्दोलन अगाडि जे जस्तो सानो तिनाे भ्रष्टाचार गरे पनि २०८२|११|२१ काे चुनावमा बहुमत लिएर आए पनि भ्रष्टाचार गर्न नपाउनेभयो भनेर  एमालेको पत्तासाप हुने भयो केपी ओलिलाई कानुन नलाग्ने साेजाे जनतालाई कानुन लाग्ने देश चलाउने प्रधनमन्त्रिलाई कानुन नलाग्ने जय जेनजि नेपालकाे कानुन गरिब दुखि  र साेजाे जनतालाई जानुन छ जना नेताले नेपालकाे बजेट भ्रष्टाचार गर्न पाउन जय  <br>ग्रेटर नेपाल,negative,comment
पुराना दललाई भोट किन?<br>1. एक एक वर्षमा सरकार बनाउन!<br>2. संसदमा कुर्सी हानाहान गर्न!<br>3. सत्ताको लागि जस्तो पनि गठबन्धन गर्न!<br>4. एउटा सरकारले बजेट बनाउने अर्को सरकारले कार्यान्वयन    गर्न!<br>5. 9/10 महिना सम्म निरन्तर संसद अवरोध गर्न!<br>6. सत्ता र शक्तिको चरम दुरुपयोग गर्दै जथाभावी राजनैतिक नियुक्ति गर्न!<br>7.बिधिको शासनको धज्जी उडाउन!<br>8. कार्यकर्ता पोस्न!<br>9.नेताको प्रभाव क्षेत्रको आधारमा बजेटको असमानुपातिक बितरण गर्न। <br>10. भ्रष्ट र अपराधीहरुलाई राजनैतिक दलको आस्थाका आधारमा संरक्षण गर्न<br>11.देशैभरी भ्रष्टाचारको जालो फैलाएर देश लुट्न!<br>12. .............. थप्दै जाँउ!,negative,comment
राजेन्द्र sir ले पेल्नु नसक्ने भनेको हर्क सम्पाङ् लाई मात्र हो अरु लाई त पिसाब निस्किने गरि निचोर्नु हुन्छ 🤣🤣🤣🙏  anyway एकदम सान्दर्भिक छ 🙏🙏,neutral,comment
केपी चोरभन्दा त प्रचण्ड हजार गुणा best!!,positive,comment
फन्टुस तर्क नगरौ न हो! यत्रो powerful PM भएको मान्छे!,negative,comment
"20 जना uml ले सदन मा के गर्ने रैछन 😅
😂",negative,comment
"Question answer be like
म गर्छु आग्रा कुरा, सम्धी गर्छ गाग्रा कुरा😂",negative,comment
"कति लडने मात्र कुरा गर्ने हो? देशलाई विकास गरम नत्र छिटई यो देश त रहला तर देशमा युवा नरहला जस्तो हुन सक्छ।
असान्ति मात्र फलाउने के हो यस्तो। सबै जान जाग्म, आफूलाई सछम बनाउम, कोई hero आउछ र देश बनाउछ तो भर्ममा न बसम।",neutral,comment
"प्यारा नेपाली दाजुभाइ तथा दिदीबहिनीहरू,

चार दशकभन्दा बढी समयदेखि हामीले एउटै अनुहार, एउटै भाषण र एउटै वाचा सुन्दै आएका छौँ। UML/केपी ओली, कांग्रेसका पुराना नेताहरू, र CPN (माओवादी)/प्रचण्ड वरिपरिका पात्रहरू—सबैले सत्तामा बसेर देशलाई आशा होइन, थकान मात्र दिए। भ्रष्टाचारका कथा, शक्ति दुरुपयोग, र जवाफदेहिताबाट भाग्ने संस्कार हामीले आफ्नै आँखाले देख्यौँ। आज उनीहरू नै नयाँ जस्तो मुखौटा लगाएर, भाषा फेरिएजस्तो देखाएर, RSP, रवि लामिछाने र बालेन साहमाथि निरन्तर आक्रमण गरिरहेका छन्—किनकि जनताले विकल्प देख्न थालेका छन्।

रवि लामिछानेमाथि भएको व्यवहारलाई धेरैले राजनीतिक प्रतिशोध जस्तो देखे—भ्रष्टाचारका प्रश्नहरूबाट ध्यान हटाउने प्रयासजस्तो। अनि बालेन साह? उहाँले काठमाडौँलाई काम गरेर देखाउनुभयो—नारा होइन, नतिजा। फोहोर व्यवस्थापनदेखि सार्वजनिक स्थानको अनुशासन, पारदर्शिता र साहसिक निर्णयसम्म—काठमाडौँ आज विकासको मोडल बन्न थालेको छ। यही कामले डराएको पुरानो शक्ति अहिले आलोचनामा जुटेको छ।

अब भ्रममा नपर्नुहोस्। पुराना पार्टीका पुराना अनुहारहरूले फेरि मौका पाए भने परिणाम पनि पुरानै हुनेछ। यो चुनाव भावनाको होइन, भविष्यको हो। डर होइन, आशाको हो। गाली होइन, कामको हो।

आउनुहोस्, भ्रष्टाचारको चक्र तोडौँ। नयाँ सोच, नयाँ नेतृत्व र जवाफदेही राजनीतिलाई अवसर दिऔँ। RSP, रवि लामिछाने र बालेन साहजस्ता काम गरेर देखाउने नेतृत्वलाई साथ दिऔँ—हाम्रो भोलि सुरक्षित, स्वाभिमानी र समृद्ध बनाउन|",positive,comment
"🗣️ K. P. Sharma Oli का “lying tricks” (छोटोमा)
	•	अर्ध–सत्य बोल्ने – तथ्यको केही भाग मात्र प्रस्तुत गरेर आफ्नो पक्ष बलियो देखाउने।
	•	विषय मोड्ने (Diversion) – कठिन प्रश्न आउँदा अर्कै मुद्दातर्फ ध्यान सार्ने।
	•	राष्ट्रवाद प्रयोग गर्ने – आलोचनाबाट जोगिन भावनात्मक/राष्ट्रवादी भाषा प्रयोग गर्ने।
	•	दोष अरूमाथि सार्ने – असफलताको जिम्मा विपक्ष वा अन्य पक्षलाई दिने।
	 vote Balen",positive,comment
